,lya_model_low_2sig,lya_model_low_1sig,lya_model_median,lya_model_high_1sig,lya_model_high_2sig,lya_model unconvolved_low_2sig,lya_model unconvolved_low_1sig,lya_model unconvolved_median,lya_model unconvolved_high_1sig,lya_model unconvolved_high_2sig,lya_intrinsic_low_2sig,lya_intrinsic_low_1sig,lya_intrinsic_median,lya_intrinsic_high_1sig,lya_intrinsic_high_2sig,lya_intrinsic unconvolved_low_2sig,lya_intrinsic unconvolved_low_1sig,lya_intrinsic unconvolved_median,lya_intrinsic unconvolved_high_1sig,lya_intrinsic unconvolved_high_2sig,lya_ism_low_2sig,lya_ism_low_1sig,lya_ism_median,lya_ism_high_1sig,lya_ism_high_2sig,lya_ism unconvolved_low_2sig,lya_ism unconvolved_low_1sig,lya_ism unconvolved_median,lya_ism unconvolved_high_1sig,lya_ism unconvolved_high_2sig,lya_reversal_low_2sig,lya_reversal_low_1sig,lya_reversal_median,lya_reversal_high_1sig,lya_reversal_high_2sig,lya_reversal unconvolved_low_2sig,lya_reversal unconvolved_low_1sig,lya_reversal unconvolved_median,lya_reversal unconvolved_high_1sig,lya_reversal unconvolved_high_2sig,lya_model unconvolved_fluxes,vs value,am value,fw_L value,fw_G value,h1_col value,h1_b value,h1_vel value,h1_col2 value,h1_b2 value,h1_vel2 value,d2h value,p value,wave_lya,flux_lya,error_lya,data_mask_lya
0,7.94533101187098e-20,1.1442136161850752e-18,1.9308454930891208e-18,2.7206681868439394e-18,3.757706583745313e-18,7.959175082128852e-20,1.8263332929495008e-18,3.177813165839593e-18,4.507130721379023e-18,6.276915133196977e-18,1.0729463192622221e-19,1.3583459855378421e-18,2.335007983892746e-18,3.377795419669466e-18,4.8834608292927065e-18,9.42801247616892e-20,2.08533297921391e-18,3.686935941018723e-18,5.333591651266864e-18,7.717601075086235e-18,0.4434706295026915,0.47822852443560476,0.5104278510681981,0.5377403567579485,0.5639223708954448,0.7704467939088372,0.8181860945030127,0.8617920759691404,0.8981746454460084,0.9327021847588401,0.17614078980482437,0.21326410133969775,0.26566692817706494,0.3868923503469293,0.6143990236558096,0.30216524767383196,0.3672003715930229,0.4622814817317429,0.6836502136445142,0.9985733764241637,1.711499523054833e-18,-6.3032172719212385,-14.958590612531234,1.3207713672405863,127.19482707061343,18.294722166200554,9.876370373229697,-26.685964571412875,,,,,1.1170536687802726,1214.5388436416135,2.8191247637499835e-15,6.62319033192693e-16,0.0
1,1.0561003315488951e-19,1.3738990777248782e-18,2.301288597060769e-18,3.239903116030947e-18,4.481263277869553e-18,9.37356340172104e-20,1.86556135943188e-18,3.1907515584837326e-18,4.5101632276182434e-18,6.255014253386177e-18,1.5056258093106145e-19,1.6493282846713532e-18,2.8154150187955887e-18,4.075500248403722e-18,5.8988761441856586e-18,1.1124075898448332e-19,2.161127031468497e-18,3.759321503572558e-18,5.4449371801514676e-18,7.889449167051173e-18,0.5191334489137789,0.562703352911327,0.603039012116277,0.6374849364584735,0.6706375705971328,0.7489660209299063,0.8008686374460716,0.8483677790880149,0.8881059889961815,0.9260429858001435,0.207081481214544,0.2505213765482816,0.3108755791717665,0.45117879392235366,0.7347919154174627,0.2921402296198949,0.3544413374047646,0.4435361612193652,0.6527363426818329,0.9983427647601946,3.962336431762302e-18,3.5374771824918483,-14.84671337215902,2.3102221135596364,420.6292585986747,18.48169973052082,12.244492670003517,-18.231653114833744,,,,,1.2906479100818409,1214.5923283530458,1.4676726155817297e-15,5.191132640621246e-16,0.0
2,1.3441186528219193e-19,1.5205135139024787e-18,2.527090311765303e-18,3.5540507122822005e-18,4.899914679378709e-18,1.0989847848900791e-19,1.8871542364377356e-18,3.1869207471655818e-18,4.498534643179653e-18,6.247660459810742e-18,2.0076238295281931e-19,1.8630336888134735e-18,3.150135379367252e-18,4.5636836458598816e-18,6.625520733637286e-18,1.3313748413140076e-19,2.21807004296728e-18,3.824062131353554e-18,5.5390802592016095e-18,8.007783606079323e-18,0.5577376167224678,0.6089261764100944,0.6564719231736753,0.6971914367821739,0.7366816843928994,0.7247344269166331,0.7811006026410877,0.8329952048135216,0.8765445328402193,0.9182825009109625,0.22450828973627346,0.2711633505562808,0.33506370451970957,0.48310234942048336,0.8135509147997176,0.2826856634230308,0.34213063747116107,0.42547214343413964,0.6214001362503155,0.99807565697971,6.20786802832607e-18,13.43423465946719,-14.716697085992262,3.594717607229704,623.1301803454486,18.622732061765966,14.520798144175712,-8.56909755190286,,,,,1.451074291438182,1214.645813064478,1.2516310031061552e-15,2.962102427366678e-16,0.0
3,1.687159359198661e-19,1.6140532317690424e-18,2.6574461217913277e-18,3.730421104569727e-18,5.111774077837879e-18,1.2784799164759247e-19,1.8940440415632335e-18,3.1649449994241134e-18,4.464516630750989e-18,6.153399705441522e-18,2.656096585420513e-19,2.025405905471072e-18,3.3883024867684463e-18,4.916687925028183e-18,7.178672385468136e-18,1.5994709566973092e-19,2.278050568378311e-18,3.880354196901759e-18,5.6269804958561565e-18,8.199264577074315e-18,0.5711085991392233,0.6295265411769676,0.6837183347563006,0.730378605146142,0.7762582175241989,0.6971413700447141,0.7584015122250262,0.8150652141600221,0.8631178273065379,0.909041359296817,0.2336958678419451,0.2816036403748257,0.3464647503941653,0.49471426393406287,0.8658373341967126,0.2734133288242707,0.3302845820623557,0.40803748099715714,0.5905805888909589,0.9977308145890107,8.613179941071508e-18,23.308756423480695,-14.578350750461412,5.003023351349081,799.2731471683876,18.75264084902155,16.772512602740544,1.0438082248995153,,,,,1.6054331760707883,1214.6992977759103,1.0022411815278533e-15,4.2298565482453105e-16,0.0
4,2.049861082213934e-19,1.6735955399795377e-18,2.7293540488823534e-18,3.827156160075944e-18,5.2150431997617296e-18,1.5099708402324432e-19,1.895735933952792e-18,3.124567076758114e-18,4.400404983346317e-18,6.047748692412233e-18,3.625137261923777e-19,2.1580851297158454e-18,3.579820127364338e-18,5.202122388194253e-18,7.635250953103388e-18,1.968226693432143e-19,2.333936892351121e-18,3.928286794171558e-18,5.716782050925185e-18,8.380664649936561e-18,0.5702827423553912,0.6355729915821234,0.696635515880909,0.7495568637769143,0.8020827490917064,0.6652103272330092,0.7324601359956997,0.7943613176699904,0.8473521665207601,0.8983317662321173,0.23910876034823222,0.28742876884696233,0.35191395513363444,0.49734941953604905,0.9053715690464388,0.2646351661028898,0.3187772687688276,0.39131951109324575,0.5590957891767755,0.9972835327386019,1.1741325463251582e-17,33.62594027054314,-14.404213959707725,6.828349939312603,946.985321107163,18.862345399878347,19.00375042973348,11.383457787826227,,,,,1.7429045814811766,1214.7527824873425,2.9353456430460312e-15,1.1091815568038089e-16,0.0
5,2.504072378934036e-19,1.6981362207919382e-18,2.741041638438648e-18,3.8404396265321205e-18,5.212414756371453e-18,1.7928321048529079e-19,1.8783729645887293e-18,3.0563617433136846e-18,4.307729510495855e-18,5.904863738398138e-18,5.003385493704154e-19,2.26170875532516e-18,3.729243784716835e-18,5.432684051909616e-18,7.99397373036644e-18,2.4732367901654636e-19,2.3771328599981907e-18,3.966623135379601e-18,5.796109671222679e-18,8.546808772523865e-18,0.5555087062362937,0.6275089295057946,0.6948019631977747,0.7541876759204996,0.8139031183491451,0.6282998802386568,0.7022123059143158,0.770438042669497,0.8287959966471022,0.8855757393640388,0.2408393636380546,0.28935180061538873,0.3523445476491567,0.4909053346581313,0.9328615480313339,0.2562052588115188,0.3079952701939186,0.37565672672263883,0.5278775744080717,0.9965957296802446,,,,,,,,,,,,,,1214.8062671987748,5.384877085558808e-15,7.66517540721775e-16,0.0
6,3.047725754496574e-19,1.6860574989312652e-18,2.696796355447663e-18,3.771051524351162e-18,5.111520971931907e-18,2.281768876112446e-19,1.8416830437998923e-18,2.964487723603283e-18,4.1796331723354036e-18,5.714218159531311e-18,6.702468105085707e-19,2.3555758200364705e-18,3.83864586607081e-18,5.614004109497513e-18,8.271240036581431e-18,3.233809007146976e-19,2.418755228943704e-18,3.997027837603653e-18,5.866798410112259e-18,8.64946515717784e-18,0.5287882507990018,0.6064498675707474,0.6792569140576998,0.7450507496203584,0.8121670649453431,0.5857838093011465,0.667063115014883,0.7420474643048933,0.8068767252101943,0.8706216069897322,0.2399865591375869,0.2880274884663471,0.34890337260101223,0.47902469025508765,0.9497725220658405,0.2480045233050831,0.2978454173773058,0.3608349555230105,0.49797243280535153,0.9955560120107637,,,,,,,,,,,,,,1214.859751910207,4.636276502097339e-15,4.780504432124652e-16,0.0
7,3.5199365137917685e-19,1.6449342899274995e-18,2.609215296585606e-18,3.644138987672939e-18,4.923590666113094e-18,2.96999582109819e-19,1.7902827728139456e-18,2.8467420606527512e-18,4.017293241702931e-18,5.468179411661056e-18,8.323969056406098e-19,2.4198381364094175e-18,3.928185039249036e-18,5.764454663491358e-18,8.526308002369436e-18,4.2646196048757924e-19,2.452014072805759e-18,4.027859491771369e-18,5.927707541945659e-18,8.803586263516136e-18,0.4928074118187975,0.5751949351321636,0.653563454295979,0.7251887837053137,0.7999533525102972,0.5371132401640789,0.6259455778263213,0.7085062654059946,0.7806039376564149,0.8525630644762506,0.23771331944095306,0.2848250193802831,0.3431464646671193,0.46417670079451057,0.9585859732006583,0.2403730598063879,0.28793064262945556,0.3467740598932501,0.4699947539091118,0.9938432895708201,,,,,,,,,,,,,,1214.9132366216393,5.193350711746534e-15,3.5654639017061243e-16,0.0
8,4.001780776681401e-19,1.573016143534089e-18,2.4793935075356895e-18,3.4623425818136944e-18,4.635339671751413e-18,3.8493090469800996e-19,1.7084557786264673e-18,2.698135226917326e-18,3.801867124739721e-18,5.131241675235555e-18,1.005363630671737e-18,2.475585251942034e-18,3.997727419579018e-18,5.891768954486442e-18,8.769848624753907e-18,5.767284962049941e-19,2.473467369274546e-18,4.043840120181004e-18,6.001878348726879e-18,8.952333039202382e-18,0.44883709863208915,0.5347929646170437,0.6185196222382168,0.6959547939678047,0.7795737696273268,0.4808586582254825,0.5780282001862971,0.6684162246988036,0.7490293534509223,0.8302162220111132,0.2345575114374504,0.28029645362954947,0.336081772762579,0.4474290883531541,0.9600904591979925,0.23320064783629385,0.2785304771350093,0.33353446870187464,0.44345473277479375,0.9905793038314767,,,,,,,,,,,,,,1214.9667213330715,4.605179745759542e-15,9.675199466911553e-16,0.0
9,4.436360830149667e-19,1.460763153269712e-18,2.2848270787858354e-18,3.1911572568446792e-18,4.24797250436495e-18,4.548897877774456e-19,1.5966081396190171e-18,2.5057380153031324e-18,3.537024270098183e-18,4.7528270959568e-18,1.1291684575051834e-18,2.5083945742262854e-18,4.034004555221474e-18,5.968209676971803e-18,8.962615877957032e-18,7.515823500375189e-19,2.492853856924502e-18,4.063333575976117e-18,6.05272178754063e-18,9.123218928471682e-18,0.3926012662411832,0.480724020081834,0.5683000282352759,0.6514276896187537,0.7424899839201553,0.41708809240004396,0.5214412335266913,0.6204989067614984,0.7108504505118654,0.803251090147589,0.22888562804661147,0.27283771095109094,0.3256458852345959,0.4263590885509015,0.9476092039344127,0.22640007328056325,0.26962618521375975,0.32131061439246644,0.4193457705711113,0.9848156128209532,,,,,,,,,,,,,,1215.0202060445038,2.964165676562852e-15,1.4617968925763004e-15,0.0
10,4.75957451164055e-19,1.3211218249883317e-18,2.0521686753019635e-18,2.8673870759789193e-18,3.794617972391155e-18,5.308572749717442e-19,1.4552419781560972e-18,2.271094776364623e-18,3.2092222231449667e-18,4.3096353871961186e-18,1.2075736983884613e-18,2.5395770922393656e-18,4.0534408474166205e-18,6.027989270998656e-18,9.139777681977205e-18,9.085486325707988e-19,2.5062796120796536e-18,4.066534609087174e-18,6.1037930318092284e-18,9.329186097409454e-18,0.3301761148753939,0.4195205549313974,0.5097516052991047,0.5977536920102099,0.6962262925193888,0.3445398132307894,0.454987277624885,0.5632104466814469,0.6637587460411226,0.7689732956122793,0.22318834259337658,0.26495976421582695,0.3147263335495297,0.40530718662046866,0.9277411936313603,0.22008308877039245,0.26125501732256684,0.3095414278863473,0.3971524308341607,0.9734382222161937,,,,,,,,,,,,,,1215.073690755936,2.3642966990093343e-15,9.789237737233827e-16,0.0
11,4.604288232416159e-19,1.1458461892027844e-18,1.7845441859075143e-18,2.4940911113358806e-18,3.3113868270196124e-18,5.259899164615935e-19,1.2747703100029969e-18,1.9827967541229565e-18,2.8005280284935535e-18,3.786202557950564e-18,1.285247415200556e-18,2.56673940414782e-18,4.071343880896321e-18,6.095053270828203e-18,9.363963754170104e-18,1.0365619233588757e-18,2.525368326731992e-18,4.0723657136664e-18,6.14253857137038e-18,9.532608584218719e-18,0.2633516995226956,0.35094398992374815,0.4428292465237763,0.5348654796188305,0.6418382975280436,0.2616476935512255,0.3774935125411138,0.4944851525927092,0.6060766062739901,0.7253057569298633,0.21737545620881826,0.2573260991344639,0.3042869573167364,0.3867283682005509,0.9003920169919433,0.21415543237197415,0.2530981601002828,0.29883010673580157,0.3785488627257649,0.954658204330371,,,,,,,,,,,,,,1215.1271754673683,1.6321389515638703e-15,1.5361102446430219e-15,0.0
12,3.965008062183385e-19,9.327090487038223e-19,1.4668170314377564e-18,2.0532867275723413e-18,2.7570290487733863e-18,2.3143790943213784e-19,9.157693943839095e-19,1.5853061101643273e-18,2.2840434727964305e-18,3.1739858433161367e-18,1.35483504582757e-18,2.586688589843215e-18,4.088296216800284e-18,6.158135747750597e-18,9.61530769222668e-18,1.1210871928248844e-18,2.5342407078122982e-18,4.0752542283069936e-18,6.177761101902875e-18,9.754839717985265e-18,0.18731406929926714,0.2719652431869632,0.36415970078317317,0.46033766787227204,0.573796180180388,0.08705672322606774,0.26361932081507417,0.40331673302246157,0.5304903236998589,0.6682996930957599,0.21184227047450993,0.24993998711363824,0.29454964132280353,0.3698130688112097,0.8630202256530768,0.2084733228436636,0.24556380814562329,0.28884291649367855,0.3604020584699898,0.9227782763051423,,,,,,,,,,,,,,1215.1806601788005,3.930507412504613e-15,1.2449811773396022e-15,0.0
13,2.8764853469472616e-19,6.689975707994886e-19,1.0815611314297907e-18,1.5655438935795225e-18,2.1702110326782e-18,2.3268922746638753e-21,8.998440993555877e-20,8.401267613486994e-19,1.604914921717647e-18,2.446460427081443e-18,1.4130649181099562e-18,2.602600715548614e-18,4.098667600364009e-18,6.204143666684275e-18,9.986753983555228e-18,1.1874327171058584e-18,2.543279425622325e-18,4.0697132127782816e-18,6.201333949237667e-18,1.0081482007418672e-17,0.12285544940170581,0.1829583070545891,0.26835176814372624,0.3686358119860293,0.49066097855916374,0.000498696397986508,0.022649740834337566,0.2268606410104912,0.41129599127782845,0.5838809483474536,0.20679108819403783,0.24317185529688906,0.2855549723773011,0.35421364037127306,0.8158182039821992,0.20332927415579713,0.23854312730813315,0.2796157916325226,0.3448964099555708,0.8724950717320387,,,,,,,,,,,,,,1215.2341448902328,5.637256972802423e-15,8.224238700981994e-16,0.0
14,2.0910181191917874e-19,4.655627297063108e-19,7.405722634315891e-19,1.0781120081800831e-18,1.525482951616512e-18,3.466509827391086e-22,5.6598247633742274e-21,5.932553823714108e-20,5.455548874954109e-19,1.3902994535386864e-18,1.450905584612343e-18,2.6172628158653366e-18,4.097269740476656e-18,6.2691782850553015e-18,1.0435942482260845e-17,1.2429071957320804e-18,2.5519045705744887e-18,4.0675412555002915e-18,6.2291816381687885e-18,1.051732553830223e-17,0.08466085508954191,0.1248819975089543,0.17963558481963138,0.2591393917291193,0.3859275689207517,6.886054838053589e-05,0.0012701035388440324,0.015327144420441531,0.15771450411499235,0.4198098727038067,0.20207314774040477,0.23672588021090396,0.2772256924310742,0.3403233060886792,0.7566124054048443,0.19864029608694123,0.23199968630615692,0.27122605317247794,0.3311163267732551,0.8047760282806264,,,,,,,,,,,,,,1215.287629601665,1.9532194530925193e-15,1.4671735096349792e-15,0.0
15,1.5407889903517432e-19,3.35540360021854e-19,5.294985695322646e-19,7.603036472796792e-19,1.0429897410867307e-18,1.333534493906255e-22,5.42685851371299e-21,5.476550198947074e-20,2.2669110977689627e-19,5.377504304367092e-19,1.4642438605845434e-18,2.6181679859351735e-18,4.092050533468942e-18,6.3124576574532394e-18,1.1039317293761438e-17,1.3049306730839976e-18,2.5586521663740602e-18,4.0547046250881305e-18,6.2393111350869954e-18,1.1083648785164383e-17,0.05833585307025953,0.08819495216467262,0.12822415694203512,0.18314037113108553,0.27664819153300035,2.8723837988564708e-05,0.0012627500952842505,0.0133926944858112,0.0626890196823413,0.18634853467209017,0.1977587002229228,0.23087317134942323,0.26965321109465734,0.32800645926547134,0.6913579848371374,0.19415954396189408,0.22592511105558502,0.263733268456647,0.3192965114307293,0.717631341190981,,,,,,,,,,,,,,1215.3411143130973,3.157199327498685e-15,3.314900339282085e-17,0.0
16,1.127438548479378e-19,2.3459531798183205e-19,3.774710368978059e-19,5.512658406330462e-19,7.771704958471934e-19,1.579117712174796e-121,3.000380286505578e-22,5.617992750510977e-20,2.1207784743503082e-19,5.01450631237563e-19,1.4663726487823332e-18,2.6185572161555335e-18,4.081171475111258e-18,6.3337908687250766e-18,1.197060003583304e-17,1.3413032704070519e-18,2.5604668979465456e-18,4.041490338171577e-18,6.255488166338419e-18,1.1867796975938585e-17,0.03919731143739483,0.06040166032619673,0.09092014470223231,0.13518788346319374,0.21075971411202088,1.749852276250534e-104,6.893332516592252e-05,0.013897085028276555,0.05912719895816326,0.159686796335938,0.19381604559321966,0.22535258478579837,0.26303514377769366,0.31773252554068876,0.6195862067918442,0.1899945995357421,0.22049953357919694,0.2570800428244422,0.308941844455205,0.6178955041201188,,,,,,,,,,,,,,1215.3945990245295,1.3888020372305408e-16,9.208676014494425e-16,0.0
17,8.075854111516204e-20,1.6172638499132654e-19,2.5956371766123414e-19,3.838205705837142e-19,5.579045265178162e-19,0.0,6.1702002583743895e-226,1.1942865609803698e-24,4.9997673102442126e-20,2.754056407781944e-19,1.4596269419706968e-18,2.6111035988903256e-18,4.072023357148383e-18,6.349892348614232e-18,1.2818780272797725e-17,1.3740017311403288e-18,2.562056915087589e-18,4.0318708795121105e-18,6.2582134579281096e-18,1.2678803252346232e-17,0.02612741837438208,0.04109669588814208,0.062209363546788715,0.09383522073637805,0.1556053593169021,0.0,9.83262586057451e-209,2.944030671150892e-07,0.013746097163421653,0.09356624106795271,0.19031293954720038,0.22076096606566634,0.2572115623064769,0.30880278559137625,0.548513483253043,0.18629175604087644,0.2153855389983039,0.25129864466475216,0.30010902214190704,0.5177756540725716,,,,,,,,,,,,,,1215.4480837359617,-5.174828954033528e-15,3.0232934998462025e-17,0.0
18,6.002377061345256e-20,1.1493526183936228e-19,1.824619545631165e-19,2.6934856666545676e-19,3.9199514587271566e-19,0.0,0.0,0.0,6.989585550416039e-30,2.6912629135567963e-20,1.4541629454734141e-18,2.6002680141806824e-18,4.060990735566932e-18,6.342253105547585e-18,1.3932676367882398e-17,1.4094852529374391e-18,2.5650932218517313e-18,4.022155311699527e-18,6.26119996702546e-18,1.3339296891217678e-17,0.017940923051790274,0.028535808600519443,0.043686924938604654,0.06613897338232702,0.10846588253193094,0.0,0.0,0.0,2.0342357192716967e-12,0.009922477300481085,0.18716590928767649,0.21651693589085044,0.2523176491620328,0.3016393147285049,0.4859062578089512,0.18298398449391873,0.21126222742409181,0.24612939554539337,0.292799611204527,0.43127749199312193,,,,,,,,,,,,,,1215.501568447394,-4.402798138641175e-15,1.9315994960512256e-16,0.0
19,4.670163328825292e-20,8.775195025418517e-20,1.381297701304839e-19,2.0414692918166585e-19,3.043020704378626e-19,0.0,0.0,0.0,0.0,5.643698823128455e-35,1.4511285789274128e-18,2.5902793436762315e-18,4.047672213639429e-18,6.33794779352391e-18,1.477308108263166e-17,1.4260632632046802e-18,2.5668760361321282e-18,4.015091285151324e-18,6.263785557454321e-18,1.4327985805420303e-17,0.013705989824802398,0.02157055612302296,0.03301771356845863,0.05025580203990074,0.08251930240303401,0.0,0.0,0.0,0.0,2.4679019703509604e-17,0.18455392641124305,0.21312398697286009,0.24827520744713527,0.2958252087248536,0.4319469787079127,0.1802868356188798,0.20755121871615095,0.2418673233275208,0.2866902414656713,0.3685813947063992,,,,,,,,,,,,,,1215.5550531588262,-1.2256157726967024e-15,6.766375921937493e-15,0.0
20,4.0133735748900006e-20,7.552376644604706e-20,1.200772782080246e-19,1.8157274443699426e-19,2.9907047136082384e-19,0.0,0.0,0.0,0.0,0.0,1.4479671236710931e-18,2.583127001241872e-18,4.0372173302949715e-18,6.328963596268333e-18,1.547208730843741e-17,1.4375569364472635e-18,2.566189039440616e-18,4.009281570198203e-18,6.266299385457312e-18,1.534446433285972e-17,0.012160784302075097,0.018644655930329924,0.028854326408703727,0.044577927645740006,0.07315569283229101,0.0,0.0,0.0,0.0,0.0,0.1825849775457054,0.2105677718736298,0.24522964703387168,0.2913951667422038,0.39416562109681264,0.1778931114016624,0.20455879736128732,0.2385476994500797,0.2818803665442234,0.351096077746272,,,,,,,,,,,,,,1215.6085378702585,3.106519146597446e-15,5.21296553673093e-15,0.0
21,3.993310246068906e-20,7.686270171340209e-20,1.264124288884176e-19,1.9990169935678787e-19,3.7168186542412985e-19,0.0,0.0,0.0,0.0,0.0,1.446134888454252e-18,2.5797976777254697e-18,4.02896545204696e-18,6.3142869535308316e-18,1.608507648501924e-17,1.4394411047462445e-18,2.5640387086153943e-18,4.004346711518841e-18,6.2607802850410495e-18,1.6761094231101165e-17,0.012408574806905418,0.019305093557405794,0.030844325356709938,0.04806965125216099,0.07845913156718373,0.0,0.0,0.0,0.0,0.0,0.18132459616322133,0.20883910375901193,0.24318279241429713,0.28858702152024784,0.3730117529271611,0.17634810554050806,0.2025926763663629,0.23634148728882942,0.2784888046010283,0.33940009290387974,,,,,,,,,,,,,,1215.6620225816907,4.994157297334352e-15,1.5815411602782844e-14,0.0
22,4.543380517516095e-20,9.245834960934222e-20,1.5984920805510134e-19,2.6282051133596517e-19,5.166767577750389e-19,0.0,0.0,0.0,0.0,4.495311063246157e-39,1.4450677886629405e-18,2.5782809493250353e-18,4.026337108568455e-18,6.307238014888975e-18,1.642644994494999e-17,1.438951807509773e-18,2.562664717345084e-18,4.001614673099437e-18,6.256437660866953e-18,1.727950872889636e-17,0.014509923635754427,0.024105343728491248,0.03914411879993171,0.06132054265920698,0.09971178029383697,0.0,0.0,0.0,0.0,1.1473569569668045e-21,0.18078876566006802,0.20799080109803378,0.2424172322942731,0.28744858125729894,0.36873596994518676,0.17576789242558719,0.20148337036191713,0.23521071995939996,0.2767410368755213,0.3343739272537282,,,,,,,,,,,,,,1215.715507293123,8.976821298671586e-15,7.827701281475724e-16,0.0
23,5.821284947086275e-20,1.2691678668642467e-19,2.2453345110374924e-19,3.7075296479664936e-19,7.327721472706463e-19,0.0,0.0,0.0,1.0201688228805057e-30,4.227543765709133e-20,1.445667138903889e-18,2.5784652877367594e-18,4.027593393627803e-18,6.309295113100001e-18,1.646603770495627e-17,1.4388491778536908e-18,2.5629699515736515e-18,4.0023919366431545e-18,6.254059619183931e-18,1.709659581532237e-17,0.01973729284924285,0.03392191164130998,0.054870312236126775,0.0848612726292825,0.1374841748623515,0.0,0.0,0.0,2.7503198101343005e-13,0.010147289698868429,0.18113686097798326,0.20827599753238593,0.2426964513651907,0.28785326213057644,0.37098808680508916,0.1758557336977235,0.20181755637693613,0.23557856502479627,0.27723082432349155,0.33465220957496034,,,,,,,,,,,,,,1215.7689920045552,1.856778304910076e-14,1.105733894645455e-15,0.0
24,8.268634581365281e-20,1.8346553151618013e-19,3.2378450664419077e-19,5.383811829703281e-19,1.07446655698514e-18,0.0,2.076471974651869e-257,1.5093855267004763e-24,6.876749629315192e-20,4.82015308493206e-19,1.4468350304528743e-18,2.5813544165639538e-18,4.032344726286825e-18,6.317163540171742e-18,1.590066936964801e-17,1.437245462206923e-18,2.5657454504479895e-18,4.008308958245704e-18,6.262543528786384e-18,1.6413970830035523e-17,0.028989929596736075,0.04934689706266467,0.07871635691765233,0.12194760654922339,0.20139836074896197,0.0,3.901306160332947e-240,3.332411807606336e-07,0.017176780665863367,0.11893364387027569,0.18205640106319923,0.209621969877105,0.24412726870458232,0.2899390108551742,0.38320350631393146,0.17722761420959604,0.20337453998344626,0.23753452475556536,0.2803715455542899,0.34412135060816224,,,,,,,,,,,,,,1215.8224767159875,1.885136132305251e-14,4.445622233080927e-15,0.0
25,1.210062979113446e-19,2.6807978343242216e-19,4.780664773266438e-19,7.961064448644766e-19,1.5566303802774225e-18,1.1332325151632586e-218,1.6608656753692325e-22,1.0738653016962473e-19,4.294199533878855e-19,1.2359257706639072e-18,1.449971243755483e-18,2.586370538401382e-18,4.040760135598668e-18,6.328367273729594e-18,1.5469486300341277e-17,1.4327949182266134e-18,2.569106539379521e-18,4.015241905831972e-18,6.282887343514632e-18,1.5336403082247185e-17,0.04295682332694958,0.072161371788178,0.11583521715361862,0.18130180479089752,0.2912972670892636,4.8548005282626005e-201,4.239473730979653e-05,0.026106618812837074,0.10917242483351977,0.27679684412334465,0.18353561764729073,0.21183863850899912,0.24654102033800693,0.29356954848624695,0.4099698593028285,0.179362732125572,0.20625850049907024,0.2405418486098288,0.28492527124939704,0.3611371260797318,,,,,,,,,,,,,,1215.8759614274197,6.190730668043785e-15,7.064076700500664e-16,0.0
26,1.7792926386189385e-19,3.9670357396275386e-19,6.999623625638728e-19,1.132701942937973e-18,2.1176745659802518e-18,1.0665660237364234e-22,1.2051185498908823e-19,4.358897550996263e-19,9.382375244011389e-19,2.0719983859348386e-18,1.4535193805691588e-18,2.5935801088324753e-18,4.052746185024806e-18,6.345111953478118e-18,1.466572578237559e-17,1.4203213982997326e-18,2.5711958022279722e-18,4.027707468429285e-18,6.2830555062522915e-18,1.4040315074833214e-17,0.06346967065633567,0.10728810424916582,0.1716301507025047,0.2573024959936411,0.382146993154587,2.576975135796197e-05,0.03014517515268479,0.10834026283947225,0.23238211012264812,0.41515015615187895,0.18573387616734074,0.21473620464611282,0.2501074058526903,0.29860955863146255,0.45352314141971345,0.18193746686347428,0.20983320799113417,0.24448630513524341,0.29074471025051707,0.3981801185402773,,,,,,,,,,,,,,1215.929446138852,1.8377550592222958e-15,5.673211311884265e-18,0.0
27,2.5961820556596487e-19,5.676669849198427e-19,9.708200059724015e-19,1.5197557431543111e-18,2.682377603833885e-18,8.375312635301645e-20,3.8760023488849367e-19,8.4238197484363265e-19,1.4709975653661018e-18,2.95254534118932e-18,1.4591731441788248e-18,2.601960796789704e-18,4.065724730770934e-18,6.354703544933804e-18,1.3786647935244476e-17,1.403110271729739e-18,2.57502813875983e-18,4.034389623940003e-18,6.269063745021465e-18,1.3104805704157404e-17,0.09440618698848878,0.15711340856656686,0.2398161428859757,0.338206699895685,0.467536205099852,0.025080906918189615,0.10066719079160306,0.21287391550150267,0.3509998810996215,0.5261703861387834,0.1885509657248872,0.2185321921291988,0.254651806403782,0.3050477404207421,0.5121035376187436,0.18499693229534891,0.2138966218807364,0.2491973943172884,0.2975292981939623,0.4754576172316897,,,,,,,,,,,,,,1215.9829308502842,4.234928003602085e-15,3.625393789880542e-15,0.0
28,3.616840018854182e-19,7.642655620265108e-19,1.2648936811563542e-18,1.9261463865635653e-18,3.222881437981989e-18,2.543945413127726e-19,6.916015412660312e-19,1.2550971643306655e-18,1.9979818142726496e-18,3.74716614266299e-18,1.461781105071048e-18,2.6122031007544068e-18,4.078509405212812e-18,6.354257347720326e-18,1.2811292148927776e-17,1.3778832417317288e-18,2.570137763314356e-18,4.043079282560671e-18,6.260456824456416e-18,1.2300993492450592e-17,0.1386171887921984,0.21817836000892463,0.3127288976794199,0.41665661561463235,0.5440048026642824,0.08334661566212749,0.18931048751805699,0.3179445182400188,0.4546082062503009,0.6124132410872801,0.1918418844428841,0.22294079813355683,0.26003489517257194,0.3131349673840325,0.5797430117703627,0.18846656669571119,0.21856880745721063,0.25477340215089683,0.3056650725193795,0.5753245412010599,,,,,,,,,,,,,,1216.0364155617165,9.569965724683419e-15,4.88748969794619e-16,0.0
29,4.736800103308881e-19,9.66967762391086e-19,1.5574376248374594e-18,2.3304059127406337e-18,3.733197718927957e-18,4.334973691013717e-19,9.782351926078308e-19,1.6374417849702312e-18,2.495220786828968e-18,4.31123392094544e-18,1.464876600536147e-18,2.618449010182953e-18,4.09110538737155e-18,6.341858689318921e-18,1.176155304900982e-17,1.34412981451233e-18,2.5687355155794232e-18,4.052952557269957e-18,6.250050900255989e-18,1.1370580358994318e-17,0.19347706488535746,0.28424028951069663,0.3850471321314846,0.4900817924701384,0.6115993148354387,0.16022946027471968,0.2822230525815143,0.41217054208296877,0.5413733449898889,0.6809466316755397,0.1955986702945937,0.22793967144697655,0.2662838729803614,0.3230797140200531,0.6532166874616638,0.1924551007678282,0.22387283933787594,0.2613384905172116,0.31532858571792566,0.6759583107210985,,,,,,,,,,,,,,1216.0899002731487,1.331209280445708e-14,7.210778630362121e-16,0.0
30,5.786678777299728e-19,1.1589415724687344e-18,1.8361467258932656e-18,2.709991438478465e-18,4.202908105893272e-18,5.777202050471661e-19,1.2267906457691454e-18,1.971101036554349e-18,2.9364889733271507e-18,4.7695276925998966e-18,1.4619842050901947e-18,2.6231904745006934e-18,4.103568298027469e-18,6.302711989439989e-18,1.0828591184831185e-17,1.2953236230980843e-18,2.561608781219465e-18,4.064132357594702e-18,6.224970476425095e-18,1.0720168070020978e-17,0.25505394293587186,0.35131339573899867,0.45413608708110015,0.556538563099537,0.6706086048752301,0.2451920155548775,0.3690117290506737,0.4942582918398907,0.6109889700918985,0.7340832016338837,0.20018104315107763,0.23347593639031033,0.2735861345556374,0.3341611239632823,0.7223297632579974,0.19689154923816662,0.22960615835559137,0.2685921815068676,0.3267767412670992,0.7735396022793604,,,,,,,,,,,,,,1216.143384984581,1.2498469483111558e-14,2.911686074662164e-15,0.0
31,6.650409199636952e-19,1.3348848818603098e-18,2.0951548602808324e-18,3.0674105133116594e-18,4.594975618050327e-18,6.754733512490175e-19,1.4216075542185878e-18,2.2580657005080383e-18,3.333758108254815e-18,5.178402946278078e-18,1.443494121622965e-18,2.6206934342089015e-18,4.105243833022238e-18,6.2433075475014504e-18,1.0268331207653879e-17,1.238066484687877e-18,2.5493134627402243e-18,4.071291259201439e-18,6.201735080329537e-18,1.0286621788541994e-17,0.3177706175689065,0.4156279762029237,0.5176071987230498,0.6147112259545466,0.7210175424941143,0.3274840214307014,0.4459993879483665,0.5628253053051075,0.6677868410630562,0.7752224531697469,0.20477018682446596,0.23946826994604165,0.28150666328431895,0.34679057206930364,0.784715128591202,0.20191952061680402,0.23582022289734297,0.27673953649301114,0.3400629872524413,0.851060987375472,,,,,,,,,,,,,,1216.1968696960132,1.1894090178505969e-14,1.618438164947915e-15,0.0
32,7.263480599858589e-19,1.4852253077192609e-18,2.329292734278303e-18,3.382649636112109e-18,4.963793682638321e-18,7.225449080577131e-19,1.5839381004728733e-18,2.4990842851040935e-18,3.6636823607572396e-18,5.529704695733348e-18,1.4092261410586946e-18,2.6065233776395847e-18,4.098909278394336e-18,6.17819842853167e-18,9.852540004699008e-18,1.1684753769156234e-18,2.5388827622100087e-18,4.076376791584942e-18,6.174977566075631e-18,9.887387545887718e-18,0.37906693625764765,0.4763923493307172,0.5748175783295681,0.6661816593789865,0.7633699210954463,0.40154477093939,0.512892069968363,0.6202958562859373,0.7141297685406526,0.8082294854505043,0.2097201015827986,0.24619569198650226,0.2902057647122895,0.36139975276663133,0.8385825970885548,0.2069326403594221,0.24246882504111097,0.2856197798024207,0.35451134535307205,0.9060350362633387,,,,,,,,,,,,,,1216.2503544074455,9.315809969002082e-15,1.7755042336103113e-15,0.0
33,7.684709888702442e-19,1.6175079576312686e-18,2.5321002647309282e-18,3.661758124862477e-18,5.293313883220749e-18,7.203240736016145e-19,1.7103222202024849e-18,2.6974163716788496e-18,3.9367010327450225e-18,5.801885246229432e-18,1.3580457400569058e-18,2.5869755357691742e-18,4.085048036845991e-18,6.130794812821084e-18,9.510339414730392e-18,1.0892410989134903e-18,2.5283723044478076e-18,4.0747639187036674e-18,6.152182923189191e-18,9.620296501102238e-18,0.43812268466932136,0.5320439109019387,0.6259035949364256,0.7106684616838385,0.7992876688744432,0.4678769857288956,0.5701254164753977,0.6681923955808619,0.7516242359365173,0.8344769988419618,0.21505326420319273,0.25364335233883933,0.29990079568471967,0.37806999405094927,0.8836463765112741,0.2123899661282171,0.25005740609976357,0.2953552269507799,0.3713181397450723,0.9434376827576839,,,,,,,,,,,,,,1216.3038391188777,1.1679441927122029e-14,2.0206165468436704e-15,0.0
34,7.875267608097554e-19,1.7253454361102852e-18,2.7044960533677323e-18,3.909114628456069e-18,5.566524940869086e-18,6.797529591927689e-19,1.810327573000216e-18,2.8591216872108638e-18,4.1648294080404195e-18,6.053894038263002e-18,1.2834370317276845e-18,2.5573308310775387e-18,4.0693761431593604e-18,6.0671875709109505e-18,9.27513495268787e-18,9.859482294309336e-19,2.514555451357403e-18,4.0714176889890384e-18,6.114026338171347e-18,9.429505244617109e-18,0.492952543347375,0.5823612399775547,0.6707779292197826,0.7487268137827074,0.8283534971966903,0.5259683309443431,0.6192512754695223,0.7081790812275048,0.7828990747973656,0.8559483113332779,0.2208013897405219,0.26139979017145915,0.3102880077439187,0.39661728628680565,0.9166831994119478,0.21820131390386366,0.2579933530795731,0.30607739053368144,0.3897798791139914,0.966889637925223,,,,,,,,,,,,,,1216.35732383031,1.1519463273241232e-14,1.672050640757118e-15,0.0
35,7.636771138112984e-19,1.8136332847205133e-18,2.852923929358107e-18,4.106027279677696e-18,5.842099203326432e-18,5.956412314998066e-19,1.883207869461801e-18,2.997373295921521e-18,4.350445641572035e-18,6.2491541769077356e-18,1.192735300725109e-18,2.5333122844282866e-18,4.05027991828475e-18,6.005639074830914e-18,9.117474335619148e-18,8.285489217531096e-19,2.5004147027794317e-18,4.063629190788854e-18,6.0720176786931325e-18,9.233333756246074e-18,0.5432621695866999,0.6273593118039931,0.7097995196544138,0.7806650099900553,0.852045476613949,0.5763276553703994,0.661371039601324,0.7417998528292307,0.8087581796013548,0.8735177366540818,0.22709159969759335,0.2694162805416242,0.32173537880918546,0.4176638689442489,0.9419304563890382,0.2244626981053368,0.2663220411086835,0.3173613772695261,0.4114518379778383,0.9810626008153369,,,,,,,,,,,,,,1216.4108085417422,7.718761317908277e-15,5.480279513752572e-16,0.0
36,7.126097306742814e-19,1.878158131186997e-18,2.9756107521041597e-18,4.279563893901726e-18,6.057992169478757e-18,4.788334949757725e-19,1.9422538416959378e-18,3.1064106578040157e-18,4.4989845173602504e-18,6.406846214714884e-18,1.0770024989948071e-18,2.5060349453262935e-18,4.0307462599616506e-18,5.952115809847013e-18,8.903287222760619e-18,6.31825254401125e-19,2.4834610007648612e-18,4.052995140480317e-18,6.021498671513107e-18,9.035936144494354e-18,0.5887126297893305,0.6672706442162947,0.7432129177095186,0.8076464597127286,0.8712971610394763,0.6199309336173399,0.6971091616013327,0.7702547539704017,0.8304900029722134,0.888095099823571,0.23371343433458885,0.27814025209387355,0.33350529375563076,0.44048869093589227,0.9605177496004306,0.2312354295666613,0.2749987788505063,0.3294829765261281,0.43483133227466286,0.9888507435653257,,,,,,,,,,,,,,1216.4642932531744,7.412428443568952e-15,9.4949844339973e-16,0.0
37,6.060570604253118e-19,1.9311445216439885e-18,3.0752000806871613e-18,4.410196358856652e-18,6.228484605062263e-18,3.638336557865549e-19,1.987824147286483e-18,3.193552402531309e-18,4.6084654784092634e-18,6.568092484790481e-18,9.248840715128227e-19,2.476449017565422e-18,4.006065735276256e-18,5.892093802546192e-18,8.762433264441587e-18,4.647281297767582e-19,2.463673879968257e-18,4.031060485478753e-18,5.9553497719743385e-18,8.877938152471972e-18,0.6295586317846127,0.7021674806905528,0.7718900169464467,0.8302622594719583,0.8871199622723451,0.6580140218779742,0.7278896381645882,0.7945301970454486,0.8487932917057094,0.900529910303795,0.24089808220067474,0.2876022167892007,0.34636184352218835,0.4655229665071209,0.9733105853746251,0.23837686202905267,0.28445669247420713,0.3424613837622985,0.4612550267538021,0.9929861280022567,,,,,,,,,,,,,,1216.5177779646067,6.363489984437263e-15,9.443231127845815e-16,0.0
38,4.888060068889039e-19,1.968675249265183e-18,3.154597863406041e-18,4.50470632444532e-18,6.3590715605555866e-18,2.920471234757539e-19,2.0172592035472037e-18,3.259644869866426e-18,4.6871537437574954e-18,6.6611617510229e-18,7.515822821697622e-19,2.449607582694971e-18,3.981590567394245e-18,5.8250664820433165e-18,8.61717341367524e-18,3.5390672104653264e-19,2.4322118448087784e-18,4.010298866640441e-18,5.8954013985495774e-18,8.708651355888893e-18,0.6658272598145192,0.7323895370840405,0.7964019037069956,0.849283877201127,0.9002094819901888,0.6909974090167759,0.7544902266970577,0.8151934784367889,0.8642537875173962,0.9109690413397387,0.24845591328354782,0.2970614374444941,0.3597901418025893,0.4916797038183965,0.9823098489300068,0.24603248163621097,0.29413321674029674,0.35598048405744526,0.48850537327078797,0.9952335011144099,,,,,,,,,,,,,,1216.571262676039,5.394198734924229e-15,1.6447422567481883e-16,0.0
39,3.9421549016713986e-19,1.9847548502419694e-18,3.2102462099847997e-18,4.579808021307287e-18,6.4537373538604466e-18,2.3280451930903615e-19,2.01990883228422e-18,3.310417775285474e-18,4.741895850837298e-18,6.743846551270504e-18,5.846485005722963e-19,2.3987763558341217e-18,3.948549028689495e-18,5.7511761934757984e-18,8.447693112834412e-18,2.7963424200437817e-19,2.3899062244096052e-18,3.978386864284835e-18,5.817382309788968e-18,8.568643619855433e-18,0.6979498902368667,0.75873115208807,0.8173918724960733,0.865405618108679,0.9112538132928515,0.7196707867079544,0.7775769676948304,0.8329946621016964,0.877579378226318,0.9197208229590517,0.2564659152849966,0.3072636290813765,0.3741120006540074,0.5194753466201969,0.9883695371323985,0.2542545869378318,0.3043259972828269,0.3706954326574282,0.5175589960564114,0.99641041452512,,,,,,,,,,,,,,1216.6247473874712,4.607396278989149e-15,1.5297628852000395e-15,0.0
40,3.0656164436123523e-19,1.9871987676493275e-18,3.251724321995427e-18,4.631001718571054e-18,6.51145856652125e-18,1.807680030472079e-19,2.0159077355560545e-18,3.3363949858847608e-18,4.779997438161467e-18,6.764221349850692e-18,4.293945713478167e-19,2.353849451067684e-18,3.9069870510792215e-18,5.675262203247025e-18,8.311241502498144e-18,2.1832688494018633e-19,2.346072451621617e-18,3.940601434598837e-18,5.7435016909810546e-18,8.430500750949404e-18,0.7259800111900774,0.7817348429150608,0.83540238602611,0.8789391098399408,0.9204589244398523,0.7443350765907341,0.797798612333233,0.8483840460071519,0.8891324760495359,0.92741388372333,0.2649963698126599,0.317847457676794,0.3889899890805366,0.5487082918334251,0.9922897111904376,0.2625942820982107,0.31514346965538037,0.38594433843962267,0.5483006027295574,0.9971796100726755,,,,,,,,,,,,,,1216.6782320989034,3.734412405673054e-15,1.6709726114602416e-15,0.0
41,2.411362548728143e-19,1.9789862623878454e-18,3.274009295072907e-18,4.662260856749022e-18,6.553998639199941e-18,1.4742543736761674e-19,2.005127745715665e-18,3.35412050195255e-18,4.7896474033993994e-18,6.7537204259681556e-18,3.1952530577761624e-19,2.3038081900525403e-18,3.863157705862864e-18,5.593037448957084e-18,8.154922240235487e-18,1.7455758246476634e-19,2.298705368546347e-18,3.897923659453571e-18,5.6659176391276245e-18,8.250690949319536e-18,0.7502657039080135,0.8016729283271744,0.8509120348824841,0.8906335271931324,0.9281453923281727,0.7661929392943914,0.8155470376850373,0.8618525199682723,0.8990908668986042,0.9339743949190381,0.2732952860884269,0.3289713166440733,0.40479727594509,0.5784170106201644,0.9948400031570701,0.2710915285169298,0.3264081531508931,0.4019465790133517,0.5797271484182239,0.9975947671908281,,,,,,,,,,,,,,1216.7317168103357,4.022531894934233e-15,4.551139069125304e-16,0.0
42,1.9118656869366745e-19,1.959381261910687e-18,3.2758852617254447e-18,4.677095099952367e-18,6.555990027948077e-18,1.2426115313247847e-19,1.9841368890315375e-18,3.351258171571816e-18,4.792285242765253e-18,6.7464922631024194e-18,2.4093741039816e-19,2.2499858270571627e-18,3.806584210710628e-18,5.508627497567772e-18,7.968641126981428e-18,1.4212340127604937e-19,2.2413082952655575e-18,3.8411619290601725e-18,5.578022455330566e-18,8.074411194031353e-18,0.7714546040609281,0.8191420198111194,0.8643008554283595,0.9006911265107048,0.9349139879670976,0.7854139354225264,0.8309751638626423,0.8736122931607948,0.907752821043278,0.93976471077572,0.2819811029843443,0.3405917030081622,0.4215535878731883,0.6082233348373525,0.9961569715375241,0.28013164191077705,0.33816373821210105,0.4190433078053752,0.61112580203162,0.9979958948955883,,,,,,,,,,,,,,1216.785201521768,2.949576354985719e-15,1.4219733613414156e-16,0.0
43,1.531974491948929e-19,1.9311694039582953e-18,3.265918585646868e-18,4.6576829678596305e-18,6.551697436448702e-18,1.070362592378721e-19,1.9486717370572225e-18,3.333124862225833e-18,4.773999294260485e-18,6.724034340554113e-18,1.8816097434712376e-19,2.187437692129968e-18,3.745258700967653e-18,5.413806148675756e-18,7.830061586326065e-18,1.203679875567179e-19,2.1807402949339342e-18,3.781321215641517e-18,5.481850002013323e-18,7.91856292032445e-18,0.7904038263566845,0.8344664311737878,0.8759385006927203,0.9092919916625273,0.9405397233590691,0.8026069775987031,0.8446187808916223,0.8840308387190836,0.915411437112201,0.9446893588131836,0.29143900046228455,0.3524580110211321,0.43903534638217945,0.6384650826767657,0.9968883209522473,0.28943778322463865,0.3504202264235905,0.4368875739771618,0.6429292763008684,0.9982944819841328,,,,,,,,,,,,,,1216.8386862332002,2.431869600678535e-15,4.145764735796981e-16,0.0
44,1.2589468070181662e-19,1.8884009133520738e-18,3.2475103618343568e-18,4.6349190004930356e-18,6.535687637535832e-18,9.149276877983092e-20,1.90255389525377e-18,3.311521415330214e-18,4.73786017978674e-18,6.690569913936415e-18,1.497591471770897e-19,2.126860547428974e-18,3.6740561546995064e-18,5.3143421786566855e-18,7.668029091985697e-18,1.0209639217974479e-19,2.11039922938893e-18,3.7094278032814216e-18,5.376439123678985e-18,7.774154732640712e-18,0.8067301058078172,0.8475694437046929,0.8858980571617215,0.9165181663115292,0.945180510754135,0.8177411134024626,0.8567678769905298,0.8932083962497008,0.9221501229265262,0.9490418564273312,0.30097224199960926,0.3649971559431049,0.4567523420095792,0.66745621096733,0.99713238113552,0.2994167755956766,0.3631165625188592,0.45535515443618185,0.6739483740280874,0.9985261884690786,,,,,,,,,,,,,,1216.8921709446324,3.077742089741042e-15,4.2520073504943003e-16,0.0
45,1.0422939180912604e-19,1.8427306406487964e-18,3.207853819930904e-18,4.5932509449099504e-18,6.48250499820284e-18,7.773103773444593e-20,1.8497785015837697e-18,3.268792424573592e-18,4.6893881105011985e-18,6.6331723973691545e-18,1.219051727319745e-19,2.0447360925666632e-18,3.595946161330806e-18,5.203070204065199e-18,7.515389561611311e-18,8.594043500475232e-20,2.0376862666919783e-18,3.6319490071521996e-18,5.2648628933810275e-18,7.6103608354046e-18,0.8209945609618865,0.8588156045245839,0.8942751264945887,0.9224603643925562,0.9486947685284993,0.8314556735763309,0.8676010620438422,0.9013639041161141,0.9281328206803707,0.9530315630996198,0.31079195043122304,0.3776442260169954,0.4748686450628022,0.6958441204443458,0.9967044717776974,0.30947270769760754,0.3765326944557968,0.47445920660933927,0.7042704698739796,0.9986885373612268,,,,,,,,,,,,,,1216.9456556560647,2.6708500295262713e-15,5.918457392884547e-16,0.0
46,8.914255092534984e-20,1.7772247623640904e-18,3.1603522763498085e-18,4.5434077601222985e-18,6.4446368817455256e-18,6.67714731227897e-20,1.7738886297258702e-18,3.2189431994381178e-18,4.630963077365727e-18,6.571373979700619e-18,9.995987171748186e-20,1.9560437585958333e-18,3.507400974048297e-18,5.09076872214909e-18,7.359922281688516e-18,7.331488051905985e-20,1.9409887603847402e-18,3.5441287724026395e-18,5.150234162355459e-18,7.46175217291396e-18,0.8331167363809519,0.8681674132411558,0.9009707341198325,0.927026610963093,0.9512320709357093,0.8436539570056459,0.877253474298785,0.9085927721963463,0.933486985059158,0.9565381006993897,0.3204031801373399,0.39011213654590504,0.4934249938735233,0.7225260607856983,0.995574601724559,0.3200704536826956,0.3898773786038385,0.49440612305637577,0.7335250672476894,0.9988408330726716,,,,,,,,,,,,,,1216.999140367497,1.1945450554911945e-15,7.918190905012145e-16,0.0
47,7.719530709135076e-20,1.6924347428065368e-18,3.10013101614906e-18,4.471227432018799e-18,6.366088099939833e-18,5.893663907337056e-20,1.6906916833174975e-18,3.1577748773120073e-18,4.5698413349798835e-18,6.503682858095595e-18,8.638881858098263e-20,1.8575796015826846e-18,3.409536781757201e-18,4.961484322522054e-18,7.20012486082404e-18,6.408080383637283e-20,1.836224204842233e-18,3.4539583147147697e-18,5.0294353112569395e-18,7.314686970534038e-18,0.8422469264761152,0.8747661773199141,0.9051690991289021,0.9293144511460356,0.9517312249969552,0.8546022400410662,0.8858759874301465,0.9150599552964053,0.9382768189727533,0.9596560925336171,0.3296113828028637,0.4025349134627718,0.5112889391223547,0.7465741463723989,0.9927278619005139,0.3306684421184133,0.40424629483510216,0.5149811041539702,0.7616257135013231,0.9989608439351305,,,,,,,,,,,,,,1217.0526250789292,1.6281195009992128e-15,3.8900059288457847e-16,0.0
48,6.472418923130688e-20,1.5953740201179944e-18,3.001657986766588e-18,4.359853263636468e-18,6.234893575987649e-18,5.325235517902525e-20,1.6030468051484959e-18,3.0829701952695564e-18,4.491994215371367e-18,6.4314447864496945e-18,7.182262341013279e-20,1.7400040874639745e-18,3.283415040006541e-18,4.810330137440256e-18,6.98635085368515e-18,5.726740637321852e-20,1.734927425832957e-18,3.347787139002421e-18,4.9200460800445e-18,7.152609381445559e-18,0.8418949021964552,0.8719559451652692,0.9000506145345184,0.9224207528630548,0.9430357614723347,0.8644046793113713,0.8936304181939585,0.9208889074854282,0.9425480810364989,0.9624241995675703,0.33522723945830984,0.41015301328460435,0.5229856900875899,0.7609998233657315,0.9808707073368821,0.3418534440613621,0.41869628307943857,0.5357679878499761,0.7878430146949149,0.999058855004225,,,,,,,,,,,,,,1217.1061097903614,1.530494428704393e-15,4.693012685085435e-16,0.0
49,5.529360968308544e-20,1.497713373523994e-18,2.8929450722622734e-18,4.2298785049658885e-18,6.058996699425695e-18,4.6344899129677804e-20,1.5051629785710935e-18,3.0033923526777264e-18,4.405168063872355e-18,6.333785177348512e-18,6.060826792408016e-20,1.628736642364399e-18,3.1462150474032907e-18,4.63140558064967e-18,6.7529426040648995e-18,5.0162422394531604e-20,1.6149801279000179e-18,3.2431398502185252e-18,4.792202233426202e-18,7.001081564601132e-18,0.8366329222872001,0.8644685213975488,0.8903739963039383,0.911013796058827,0.9300018236478582,0.8732397446917716,0.9006322738153492,0.9261311682655833,0.9463973780772469,0.9650040942531608,0.3393050890020813,0.4155783404902481,0.5319015633733326,0.7700873491314734,0.9648730442073592,0.35361656755299137,0.43332406752550284,0.5567797980037378,0.8128513136086456,0.9991427791022236,,,,,,,,,,,,,,1217.1595945017937,1.5003414329086948e-15,5.222722266913013e-16,0.0
50,4.8437231822125504e-20,1.3837354666148291e-18,2.768444282326181e-18,4.06319498452246e-18,5.8673622536314314e-18,4.032441084144019e-20,1.3924368373043083e-18,2.916948696057934e-18,4.30986676561475e-18,6.2421136990339355e-18,5.253635952959355e-20,1.4913159765450273e-18,2.9910077125005e-18,4.428617369281791e-18,6.4765578761376224e-18,4.33907687579438e-20,1.4911627296315844e-18,3.1340152856442805e-18,4.662192546747432e-18,6.841487403186515e-18,0.8252459445488242,0.8509141993693823,0.8748467017452447,0.8938498301969187,0.9112954397297429,0.8812877629998452,0.9069663211425163,0.930886219023652,0.949871051594415,0.9673085354132065,0.34107047564497456,0.41805237262615424,0.5366684731641658,0.7722275767102524,0.9433646961269834,0.36558828576481345,0.4486044496195131,0.5781884893592322,0.8359817852230439,0.9992194104436336,,,,,,,,,,,,,,1217.213079213226,1.1722601491898006e-15,5.908030307543503e-16,0.0
51,4.229991515083439e-20,1.2548247829724752e-18,2.6170007930250963e-18,3.871632992206415e-18,5.625705381901163e-18,3.5401963087340324e-20,1.283001855796449e-18,2.820811588579337e-18,4.2160252185004275e-18,6.142410240882437e-18,4.5575738362344894e-20,1.3497789665748832e-18,2.81587598775835e-18,4.1967751022368846e-18,6.166539447695637e-18,3.7999303087269004e-20,1.365461855432805e-18,3.0139456691712334e-18,4.533195510329542e-18,6.685921582598878e-18,0.8057554727185469,0.8292849505410261,0.8511873422110486,0.8686102823656651,0.8845898426660159,0.8886263527420205,0.9127820297557248,0.9352020977576392,0.9530079250116981,0.9693470754201186,0.33952425958100646,0.4163623589185394,0.5356848611733118,0.7654471034608603,0.9138742880108429,0.3781412260969656,0.4644063546403042,0.5993726763314928,0.8570399953256127,0.9992831591699962,,,,,,,,,,,,,,1217.2665639246582,9.770414067500756e-16,3.1739961647319075e-16,0.0
52,3.6411086291644876e-20,1.1259282490823716e-18,2.442583858151678e-18,3.648342450265292e-18,5.317629902840625e-18,3.164368615198937e-20,1.1745735298855526e-18,2.71706992132018e-18,4.113044870190349e-18,6.030620384450919e-18,3.9495234067227255e-20,1.2026923505490019e-18,2.615097588045984e-18,3.930838134274407e-18,5.807356005102429e-18,3.3770849340141293e-20,1.2465207142460265e-18,2.894272403220157e-18,4.402346167585577e-18,6.531548325617788e-18,0.7773871874421822,0.7987922407261093,0.8187128858611846,0.8345183411067498,0.849039402208778,0.8952834192374776,0.9180176427099404,0.9391248547248259,0.9558765412303869,0.9712528933316886,0.33402880004010954,0.4097870329259636,0.5277732278747425,0.7481090304798381,0.8756106827870029,0.39115932609520987,0.48045100923162004,0.6211451776800979,0.8759407299042103,0.9993362751350581,,,,,,,,,,,,,,1217.3200486360904,5.900597193926923e-16,2.739115874758663e-16,0.0
53,3.049246469193254e-20,1.0001060352151065e-18,2.2408410645225355e-18,3.3847931887135293e-18,4.9578463321672366e-18,2.864530050445614e-20,1.066191002201799e-18,2.611163252580658e-18,4.006005105752319e-18,5.913746492173587e-18,3.278304070493711e-20,1.0645667938916273e-18,2.3945279514930462e-18,3.631922056882107e-18,5.389898932038036e-18,3.0320943388193134e-20,1.1283495374654125e-18,2.7706501907786197e-18,4.269388837391923e-18,6.385216123563216e-18,0.738224741560711,0.7575054582457762,0.7753757797857141,0.7895707542372098,0.8025830318128012,0.9013728073918307,0.9228284018638628,0.9427201007332593,0.9585059482994001,0.9729823823865973,0.32337156626188296,0.3968056708828236,0.5118509185277184,0.7185283183599461,0.8264325492413698,0.4050389725200978,0.49659634974077965,0.6425808755624033,0.8933942240742813,0.9993839878763136,,,,,,,,,,,,,,1217.3735333475227,5.220702367928171e-16,2.580087694880604e-16,0.0
54,2.5179045350683833e-20,8.561344985266658e-19,2.0000089374737368e-18,3.048024930325161e-18,4.4821959038218584e-18,2.5407602562906028e-20,9.580120745763931e-19,2.5029738697161295e-18,3.895203724997905e-18,5.814668022067184e-18,2.712674045901896e-20,9.101956738452064e-19,2.128866603815279e-18,3.260885739581369e-18,4.858616312849652e-18,2.6998545414344194e-20,1.0099659148876634e-18,2.6441587071245137e-18,4.134646149239194e-18,6.228301865520195e-18,0.6798177251057149,0.6966858604281145,0.7123481128537672,0.7247802551956689,0.7361952103897373,0.9069610619430037,0.9272394331459585,0.9460068364322837,0.960893578856496,0.9745566063622751,0.30357128667091654,0.37207018310094025,0.48036780931468526,0.6679512648328545,0.7570357974967984,0.4178955702025834,0.5128331646365553,0.663990151327559,0.9086966866495558,0.9994262713012014,,,,,,,,,,,,,,1217.427018058955,6.519744964435393e-16,5.650974336433849e-16,0.0
55,1.9663549097928718e-20,6.855609326665452e-19,1.6561206103474462e-18,2.542221443581068e-18,3.761576445329937e-18,2.2601510108118365e-20,8.3997199686715895e-19,2.3869059893509465e-18,3.7788613721693885e-18,5.707552168099067e-18,2.1210416503461304e-20,7.274956232572749e-19,1.7596590776200862e-18,2.7132135196013572e-18,4.059894605697047e-18,2.4066184870986035e-20,8.875560626924372e-19,2.513176781688847e-18,3.989737279818292e-18,6.06289387643413e-18,0.5781567838211759,0.5919906479714786,0.6047997985887203,0.6149731902103469,0.6243067527359073,0.9120736286581073,0.931288962442636,0.9490340323425059,0.9630884155722913,0.9759954313933848,0.26194708258557575,0.3210162477524802,0.414575472445465,0.5720737584182123,0.6413421169176393,0.4314265086600668,0.5298222258277623,0.6849161163867785,0.9226906017203336,0.9994657963270801,,,,,,,,,,,,,,1217.4805027703871,8.059492665305649e-16,1.2774838977314816e-16,0.0
